{
  "IcoMoonType": "selection",
  "icons": [
    {
      "icon": {
        "paths": [
          "M0 512c0 282.88 229.12 512 512 512s512-229.12 512-512-229.12-512-512-512-512 229.12-512 512zM106.666 512c0-32.854 3.84-64.854 11.306-95.36l95.362 95.36-21.334 128 85.334 85.334v117.12c-103.254-73.388-170.668-194.112-170.668-330.454zM418.774 117.546c29.866-7.252 61.012-10.88 93.226-10.88 35.626 0 70.186 4.694 103.040 13.226l-17.706 29.442 21.334 21.334h64l17.706-17.706c14.912 7.894 28.992 16.426 42.666 26.026l-39.040 13.012-42.666 42.666 42.666 21.334v21.334h-42.666v42.666c0 0 29.44 21.334 64 21.334 33.92 0 18.774-46.72 42.666-64 24.106-17.28 53.334-13.44 53.334-13.44l13.866 3.626c26.026 34.346 46.698 72.746 60.8 114.346v2.134c0 0-30.080-21.334-85.334-21.334s-106.666 21.334-106.666 21.334-60.16 17.494-64 64c-6.634 80 21.334 106.666 21.334 106.666l106.666 64v207.574c-69.76 56.96-158.934 91.094-256 91.094-45.866 0-89.814-7.466-130.986-21.546l109.652-255.788-21.334-106.666c0 0-84.694-106.666-128-106.666s-64 64-64 64l-42.666-85.334 128-85.334 64-170.666-7.892-31.788z"
        ],
        "attrs": [],
        "isMulticolor": false,
        "isMulticolor2": false,
        "tags": [
          "earth",
          "globe",
          "world"
        ],
        "grid": 48
      },
      "attrs": [],
      "properties": {
        "id": 59,
        "order": 16,
        "prevSize": 48,
        "name": "earth"
      },
      "setIdx": 0,
      "setId": 2,
      "iconIdx": 58
    }
  ],
  "height": 1024,
  "preferences": {
    "showGlyphs": true,
    "showQuickUse": true,
    "showQuickUse2": true,
    "showSVGs": true,
    "fontPref": {
      "prefix": "icon-",
      "metadata": {
        "fontFamily": "icomoon"
      },
      "metrics": {
        "emSize": 1024,
        "baseline": 6.25,
        "whitespace": 50
      },
      "embed": false
    },
    "imagePref": {
      "prefix": "icon-",
      "png": true,
      "useClassSelector": true,
      "color": 0,
      "bgColor": 16777215,
      "classSelector": ".icon",
      "name": "icomoon",
      "height": 32,
      "columns": 16,
      "margin": 16
    },
    "historySize": 50,
    "showCodes": true,
    "gridSize": 16
  }
}